"schema_name","table_name","column_name","data_type","character_maximum_length","is_nullable","column_default"
"auth","audit_log_entries","instance_id","uuid","null","YES","null"
"auth","audit_log_entries","id","uuid","null","NO","null"
"auth","audit_log_entries","payload","json","null","YES","null"
"auth","audit_log_entries","created_at","timestamp with time zone","null","YES","null"
"auth","audit_log_entries","ip_address","character varying","64","NO","''::character varying"
"auth","flow_state","id","uuid","null","NO","null"
"auth","flow_state","user_id","uuid","null","YES","null"
"auth","flow_state","auth_code","text","null","NO","null"
"auth","flow_state","code_challenge_method","USER-DEFINED","null","NO","null"
"auth","flow_state","code_challenge","text","null","NO","null"
"auth","flow_state","provider_type","text","null","NO","null"
"auth","flow_state","provider_access_token","text","null","YES","null"
"auth","flow_state","provider_refresh_token","text","null","YES","null"
"auth","flow_state","created_at","timestamp with time zone","null","YES","null"
"auth","flow_state","updated_at","timestamp with time zone","null","YES","null"
"auth","flow_state","authentication_method","text","null","NO","null"
"auth","flow_state","auth_code_issued_at","timestamp with time zone","null","YES","null"
"auth","identities","provider_id","text","null","NO","null"
"auth","identities","user_id","uuid","null","NO","null"
"auth","identities","identity_data","jsonb","null","NO","null"
"auth","identities","provider","text","null","NO","null"
"auth","identities","last_sign_in_at","timestamp with time zone","null","YES","null"
"auth","identities","created_at","timestamp with time zone","null","YES","null"
"auth","identities","updated_at","timestamp with time zone","null","YES","null"
"auth","identities","email","text","null","YES","null"
"auth","identities","id","uuid","null","NO","gen_random_uuid()"
"auth","instances","id","uuid","null","NO","null"
"auth","instances","uuid","uuid","null","YES","null"
"auth","instances","raw_base_config","text","null","YES","null"
"auth","instances","created_at","timestamp with time zone","null","YES","null"
"auth","instances","updated_at","timestamp with time zone","null","YES","null"
"auth","mfa_amr_claims","session_id","uuid","null","NO","null"
"auth","mfa_amr_claims","created_at","timestamp with time zone","null","NO","null"
"auth","mfa_amr_claims","updated_at","timestamp with time zone","null","NO","null"
"auth","mfa_amr_claims","authentication_method","text","null","NO","null"
"auth","mfa_amr_claims","id","uuid","null","NO","null"
"auth","mfa_challenges","id","uuid","null","NO","null"
"auth","mfa_challenges","factor_id","uuid","null","NO","null"
"auth","mfa_challenges","created_at","timestamp with time zone","null","NO","null"
"auth","mfa_challenges","verified_at","timestamp with time zone","null","YES","null"
"auth","mfa_challenges","ip_address","inet","null","NO","null"
"auth","mfa_challenges","otp_code","text","null","YES","null"
"auth","mfa_challenges","web_authn_session_data","jsonb","null","YES","null"
"auth","mfa_factors","id","uuid","null","NO","null"
"auth","mfa_factors","user_id","uuid","null","NO","null"
"auth","mfa_factors","friendly_name","text","null","YES","null"
"auth","mfa_factors","factor_type","USER-DEFINED","null","NO","null"
"auth","mfa_factors","status","USER-DEFINED","null","NO","null"
"auth","mfa_factors","created_at","timestamp with time zone","null","NO","null"
"auth","mfa_factors","updated_at","timestamp with time zone","null","NO","null"
"auth","mfa_factors","secret","text","null","YES","null"
"auth","mfa_factors","phone","text","null","YES","null"
"auth","mfa_factors","last_challenged_at","timestamp with time zone","null","YES","null"
"auth","mfa_factors","web_authn_credential","jsonb","null","YES","null"
"auth","mfa_factors","web_authn_aaguid","uuid","null","YES","null"
"auth","one_time_tokens","id","uuid","null","NO","null"
"auth","one_time_tokens","user_id","uuid","null","NO","null"
"auth","one_time_tokens","token_type","USER-DEFINED","null","NO","null"
"auth","one_time_tokens","token_hash","text","null","NO","null"
"auth","one_time_tokens","relates_to","text","null","NO","null"
"auth","one_time_tokens","created_at","timestamp without time zone","null","NO","now()"
"auth","one_time_tokens","updated_at","timestamp without time zone","null","NO","now()"
"auth","refresh_tokens","instance_id","uuid","null","YES","null"
"auth","refresh_tokens","id","bigint","null","NO","nextval('auth.refresh_tokens_id_seq'::regclass)"
"auth","refresh_tokens","token","character varying","255","YES","null"
"auth","refresh_tokens","user_id","character varying","255","YES","null"
"auth","refresh_tokens","revoked","boolean","null","YES","null"
"auth","refresh_tokens","created_at","timestamp with time zone","null","YES","null"
"auth","refresh_tokens","updated_at","timestamp with time zone","null","YES","null"
"auth","refresh_tokens","parent","character varying","255","YES","null"
"auth","refresh_tokens","session_id","uuid","null","YES","null"
"auth","saml_providers","id","uuid","null","NO","null"
"auth","saml_providers","sso_provider_id","uuid","null","NO","null"
"auth","saml_providers","entity_id","text","null","NO","null"
"auth","saml_providers","metadata_xml","text","null","NO","null"
"auth","saml_providers","metadata_url","text","null","YES","null"
"auth","saml_providers","attribute_mapping","jsonb","null","YES","null"
"auth","saml_providers","created_at","timestamp with time zone","null","YES","null"
"auth","saml_providers","updated_at","timestamp with time zone","null","YES","null"
"auth","saml_providers","name_id_format","text","null","YES","null"
"auth","saml_relay_states","id","uuid","null","NO","null"
"auth","saml_relay_states","sso_provider_id","uuid","null","NO","null"
"auth","saml_relay_states","request_id","text","null","NO","null"
"auth","saml_relay_states","for_email","text","null","YES","null"
"auth","saml_relay_states","redirect_to","text","null","YES","null"
"auth","saml_relay_states","created_at","timestamp with time zone","null","YES","null"
"auth","saml_relay_states","updated_at","timestamp with time zone","null","YES","null"
"auth","saml_relay_states","flow_state_id","uuid","null","YES","null"
"auth","schema_migrations","version","character varying","255","NO","null"
"auth","sessions","id","uuid","null","NO","null"
"auth","sessions","user_id","uuid","null","NO","null"
"auth","sessions","created_at","timestamp with time zone","null","YES","null"
"auth","sessions","updated_at","timestamp with time zone","null","YES","null"
"auth","sessions","factor_id","uuid","null","YES","null"
"auth","sessions","aal","USER-DEFINED","null","YES","null"
"auth","sessions","not_after","timestamp with time zone","null","YES","null"
"auth","sessions","refreshed_at","timestamp without time zone","null","YES","null"
"auth","sessions","user_agent","text","null","YES","null"
"auth","sessions","ip","inet","null","YES","null"
"auth","sessions","tag","text","null","YES","null"
"auth","sso_domains","id","uuid","null","NO","null"
"auth","sso_domains","sso_provider_id","uuid","null","NO","null"
"auth","sso_domains","domain","text","null","NO","null"
"auth","sso_domains","created_at","timestamp with time zone","null","YES","null"
"auth","sso_domains","updated_at","timestamp with time zone","null","YES","null"
"auth","sso_providers","id","uuid","null","NO","null"
"auth","sso_providers","resource_id","text","null","YES","null"
"auth","sso_providers","created_at","timestamp with time zone","null","YES","null"
"auth","sso_providers","updated_at","timestamp with time zone","null","YES","null"
"auth","users","instance_id","uuid","null","YES","null"
"auth","users","id","uuid","null","NO","null"
"auth","users","aud","character varying","255","YES","null"
"auth","users","role","character varying","255","YES","null"
"auth","users","email","character varying","255","YES","null"
"auth","users","encrypted_password","character varying","255","YES","null"
"auth","users","email_confirmed_at","timestamp with time zone","null","YES","null"
"auth","users","invited_at","timestamp with time zone","null","YES","null"
"auth","users","confirmation_token","character varying","255","YES","null"
"auth","users","confirmation_sent_at","timestamp with time zone","null","YES","null"
"auth","users","recovery_token","character varying","255","YES","null"
"auth","users","recovery_sent_at","timestamp with time zone","null","YES","null"
"auth","users","email_change_token_new","character varying","255","YES","null"
"auth","users","email_change","character varying","255","YES","null"
"auth","users","email_change_sent_at","timestamp with time zone","null","YES","null"
"auth","users","last_sign_in_at","timestamp with time zone","null","YES","null"
"auth","users","raw_app_meta_data","jsonb","null","YES","null"
"auth","users","raw_user_meta_data","jsonb","null","YES","null"
"auth","users","is_super_admin","boolean","null","YES","null"
"auth","users","created_at","timestamp with time zone","null","YES","null"
"auth","users","updated_at","timestamp with time zone","null","YES","null"
"auth","users","phone","text","null","YES","NULL::character varying"
"auth","users","phone_confirmed_at","timestamp with time zone","null","YES","null"
"auth","users","phone_change","text","null","YES","''::character varying"
"auth","users","phone_change_token","character varying","255","YES","''::character varying"
"auth","users","phone_change_sent_at","timestamp with time zone","null","YES","null"
"auth","users","confirmed_at","timestamp with time zone","null","YES","null"
"auth","users","email_change_token_current","character varying","255","YES","''::character varying"
"auth","users","email_change_confirm_status","smallint","null","YES","0"
"auth","users","banned_until","timestamp with time zone","null","YES","null"
"auth","users","reauthentication_token","character varying","255","YES","''::character varying"
"auth","users","reauthentication_sent_at","timestamp with time zone","null","YES","null"
"auth","users","is_sso_user","boolean","null","NO","false"
"auth","users","deleted_at","timestamp with time zone","null","YES","null"
"auth","users","is_anonymous","boolean","null","NO","false"
"pgsodium","key","id","uuid","null","NO","gen_random_uuid()"
"pgsodium","key","status","USER-DEFINED","null","YES","'valid'::pgsodium.key_status"
"pgsodium","key","created","timestamp with time zone","null","NO","CURRENT_TIMESTAMP"
"pgsodium","key","expires","timestamp with time zone","null","YES","null"
"pgsodium","key","key_type","USER-DEFINED","null","YES","null"
"pgsodium","key","key_id","bigint","null","YES","nextval('pgsodium.key_key_id_seq'::regclass)"
"pgsodium","key","key_context","bytea","null","YES","'\x7067736f6469756d'::bytea"
"pgsodium","key","name","text","null","YES","null"
"pgsodium","key","associated_data","text","null","YES","'associated'::text"
"pgsodium","key","raw_key","bytea","null","YES","null"
"pgsodium","key","raw_key_nonce","bytea","null","YES","null"
"pgsodium","key","parent_key","uuid","null","YES","null"
"pgsodium","key","comment","text","null","YES","null"
"pgsodium","key","user_data","text","null","YES","null"
"public","dim_exercicio","exercicio_id","uuid","null","NO","uuid_generate_v4()"
"public","dim_exercicio","nome","text","null","NO","null"
"public","dim_exercicio","descricao","text","null","YES","null"
"public","dim_exercicio","tipo","text","null","YES","null"
"public","dim_exercicio","equipamento","text","null","YES","null"
"public","dim_exercicio","nivel_dificuldade","text","null","YES","null"
"public","dim_exercicio","padrao_movimento","text","null","YES","null"
"public","dim_exercicio","instrucoes","text","null","YES","null"
"public","dim_exercicio","created_at","timestamp with time zone","null","YES","CURRENT_TIMESTAMP"
"public","dim_exercicio","updated_at","timestamp with time zone","null","YES","CURRENT_TIMESTAMP"
"public","dim_grupomuscular","grupo_muscular_id","uuid","null","NO","uuid_generate_v4()"
"public","dim_grupomuscular","nome","text","null","NO","null"
"public","dim_grupomuscular","regiao_corporal","text","null","YES","null"
"public","dim_grupomuscular","funcao","text","null","YES","null"
"public","dim_grupomuscular","created_at","timestamp with time zone","null","YES","CURRENT_TIMESTAMP"
"public","dim_grupomuscular","updated_at","timestamp with time zone","null","YES","CURRENT_TIMESTAMP"
"public","dim_humor","humor_id","uuid","null","NO","uuid_generate_v4()"
"public","dim_humor","nome","text","null","NO","null"
"public","dim_humor","nivel","integer","null","YES","null"
"public","dim_humor","descricao","text","null","YES","null"
"public","dim_humor","created_at","timestamp with time zone","null","YES","CURRENT_TIMESTAMP"
"public","dim_humor","updated_at","timestamp with time zone","null","YES","CURRENT_TIMESTAMP"
"public","dim_metodotreinamento","metodo_id","uuid","null","NO","uuid_generate_v4()"
"public","dim_metodotreinamento","nome","text","null","NO","null"
"public","dim_metodotreinamento","descricao","text","null","YES","null"
"public","dim_metodotreinamento","nivel_intensidade","text","null","YES","null"
"public","dim_metodotreinamento","aplicabilidade","text","null","YES","null"
"public","dim_metodotreinamento","created_at","timestamp with time zone","null","YES","CURRENT_TIMESTAMP"
"public","dim_metodotreinamento","updated_at","timestamp with time zone","null","YES","CURRENT_TIMESTAMP"
"public","dim_modeloperiodizacao","periodizacao_id","uuid","null","NO","uuid_generate_v4()"
"public","dim_modeloperiodizacao","nome","text","null","NO","null"
"public","dim_modeloperiodizacao","descricao","text","null","YES","null"
"public","dim_modeloperiodizacao","duracao_padrao_ciclo","integer","null","YES","null"
"public","dim_modeloperiodizacao","caracteristicas","text","null","YES","null"
"public","dim_modeloperiodizacao","created_at","timestamp with time zone","null","YES","CURRENT_TIMESTAMP"
"public","dim_modeloperiodizacao","updated_at","timestamp with time zone","null","YES","CURRENT_TIMESTAMP"
"public","dim_objetivo","objetivo_id","uuid","null","NO","uuid_generate_v4()"
"public","dim_objetivo","nome","text","null","NO","null"
"public","dim_objetivo","descricao","text","null","YES","null"
"public","dim_objetivo","categoria","text","null","YES","null"
"public","dim_objetivo","created_at","timestamp with time zone","null","YES","CURRENT_TIMESTAMP"
"public","dim_objetivo","updated_at","timestamp with time zone","null","YES","CURRENT_TIMESTAMP"
"public","dim_restricao","restricao_id","uuid","null","NO","uuid_generate_v4()"
"public","dim_restricao","nome","text","null","NO","null"
"public","dim_restricao","regiao_corporal","text","null","YES","null"
"public","dim_restricao","gravidade","text","null","YES","null"
"public","dim_restricao","descricao","text","null","YES","null"
"public","dim_restricao","created_at","timestamp with time zone","null","YES","CURRENT_TIMESTAMP"
"public","dim_restricao","updated_at","timestamp with time zone","null","YES","CURRENT_TIMESTAMP"
"public","dim_tempodisponivel","tempo_disponivel_id","uuid","null","NO","uuid_generate_v4()"
"public","dim_tempodisponivel","faixa","text","null","NO","null"
"public","dim_tempodisponivel","minutos_min","integer","null","YES","null"
"public","dim_tempodisponivel","minutos_max","integer","null","YES","null"
"public","dim_tempodisponivel","created_at","timestamp with time zone","null","YES","CURRENT_TIMESTAMP"
"public","dim_tempodisponivel","updated_at","timestamp with time zone","null","YES","CURRENT_TIMESTAMP"
"public","dim_tiposessao","tipo_sessao_id","uuid","null","NO","null"
"public","dim_tiposessao","nome","text","null","NO","null"
"public","dim_tiposessao","descricao","text","null","YES","null"
"public","dim_tiposessao","categoria","text","null","YES","null"
"public","dim_tiposessao","created_at","timestamp with time zone","null","YES","CURRENT_TIMESTAMP"
"public","dim_tiposessao","updated_at","timestamp with time zone","null","YES","CURRENT_TIMESTAMP"
"public","dim_variaveltreinamento","variavel_id","uuid","null","NO","null"
"public","dim_variaveltreinamento","nome","text","null","NO","null"
"public","dim_variaveltreinamento","descricao","text","null","YES","null"
"public","dim_variaveltreinamento","unidade_medida","text","null","YES","null"
"public","dim_variaveltreinamento","faixa_valores","text","null","YES","null"
"public","dim_variaveltreinamento","created_at","timestamp with time zone","null","YES","CURRENT_TIMESTAMP"
"public","dim_variaveltreinamento","updated_at","timestamp with time zone","null","YES","CURRENT_TIMESTAMP"
"public","exercicio_grupomuscular","exercicio_grupo_id","uuid","null","NO","uuid_generate_v4()"
"public","exercicio_grupomuscular","exercicio_id","uuid","null","NO","null"
"public","exercicio_grupomuscular","grupo_muscular_id","uuid","null","NO","null"
"public","exercicio_grupomuscular","tipo_ativacao","text","null","NO","null"
"public","exercicio_grupomuscular","created_at","timestamp with time zone","null","YES","CURRENT_TIMESTAMP"
"public","exercicio_grupomuscular","updated_at","timestamp with time zone","null","YES","CURRENT_TIMESTAMP"
"public","fato_adaptacaotreinamento","adaptacao_id","uuid","null","NO","uuid_generate_v4()"
"public","fato_adaptacaotreinamento","treinamento_id","uuid","null","NO","null"
"public","fato_adaptacaotreinamento","sessao_original_id","uuid","null","YES","null"
"public","fato_adaptacaotreinamento","humor_id","uuid","null","YES","null"
"public","fato_adaptacaotreinamento","tempo_disponivel_id","uuid","null","YES","null"
"public","fato_adaptacaotreinamento","data_criacao","timestamp with time zone","null","YES","CURRENT_TIMESTAMP"
"public","fato_adaptacaotreinamento","ajustes_aplicados","jsonb","null","YES","null"
"public","fato_adaptacaotreinamento","status","text","null","YES","null"
"public","fato_adaptacaotreinamento","created_at","timestamp with time zone","null","YES","CURRENT_TIMESTAMP"
"public","fato_adaptacaotreinamento","updated_at","timestamp with time zone","null","YES","CURRENT_TIMESTAMP"
"public","fato_adaptacaotreinamento","tipo","text","null","YES","null"
"public","fato_adaptacaotreinamento","nivel","text","null","YES","null"
"public","fato_adaptacaotreinamento","usuario_id","uuid","null","YES","null"
"public","fato_aquecimentodesaquecimento","aquecimento_desaquecimento_id","uuid","null","NO","null"
"public","fato_aquecimentodesaquecimento","sessao_id","uuid","null","YES","null"
"public","fato_aquecimentodesaquecimento","tipo","text","null","YES","null"
"public","fato_aquecimentodesaquecimento","duracao_minutos","integer","null","YES","null"
"public","fato_aquecimentodesaquecimento","descricao","text","null","YES","null"
"public","fato_aquecimentodesaquecimento","created_at","timestamp with time zone","null","YES","CURRENT_TIMESTAMP"
"public","fato_aquecimentodesaquecimento","updated_at","timestamp with time zone","null","YES","CURRENT_TIMESTAMP"
"public","fato_ciclotreinamento","ciclo_id","uuid","null","NO","uuid_generate_v4()"
"public","fato_ciclotreinamento","treinamento_id","uuid","null","NO","null"
"public","fato_ciclotreinamento","nome","text","null","NO","null"
"public","fato_ciclotreinamento","ordem","integer","null","YES","null"
"public","fato_ciclotreinamento","tipo","text","null","YES","null"
"public","fato_ciclotreinamento","duracao_semanas","integer","null","YES","null"
"public","fato_ciclotreinamento","objetivo_especifico","text","null","YES","null"
"public","fato_ciclotreinamento","observacoes","text","null","YES","null"
"public","fato_ciclotreinamento","created_at","timestamp with time zone","null","YES","CURRENT_TIMESTAMP"
"public","fato_ciclotreinamento","updated_at","timestamp with time zone","null","YES","CURRENT_TIMESTAMP"
"public","fato_exercicioaquecimento","exercicio_aquecimento_id","uuid","null","NO","null"
"public","fato_exercicioaquecimento","aquecimento_desaquecimento_id","uuid","null","YES","null"
"public","fato_exercicioaquecimento","nome","text","null","NO","null"
"public","fato_exercicioaquecimento","duracao_segundos","integer","null","YES","null"
"public","fato_exercicioaquecimento","intensidade","text","null","YES","null"
"public","fato_exercicioaquecimento","descricao","text","null","YES","null"
"public","fato_exercicioaquecimento","created_at","timestamp with time zone","null","YES","CURRENT_TIMESTAMP"
"public","fato_exercicioaquecimento","updated_at","timestamp with time zone","null","YES","CURRENT_TIMESTAMP"
"public","fato_exerciciosessao","exercicio_sessao_id","uuid","null","NO","uuid_generate_v4()"
"public","fato_exerciciosessao","sessao_id","uuid","null","NO","null"
"public","fato_exerciciosessao","exercicio_id","uuid","null","YES","null"
"public","fato_exerciciosessao","ordem","integer","null","YES","null"
"public","fato_exerciciosessao","series","integer","null","YES","null"
"public","fato_exerciciosessao","repeticoes_min","integer","null","YES","null"
"public","fato_exerciciosessao","repeticoes_max","integer","null","YES","null"
"public","fato_exerciciosessao","peso_sugerido","numeric","null","YES","null"
"public","fato_exerciciosessao","percentual_rm","numeric","null","YES","null"
"public","fato_exerciciosessao","tempo_descanso_segundos","integer","null","YES","null"
"public","fato_exerciciosessao","cadencia","text","null","YES","null"
"public","fato_exerciciosessao","metodo_treinamento_id","uuid","null","YES","null"
"public","fato_exerciciosessao","observacoes","text","null","YES","null"
"public","fato_exerciciosessao","created_at","timestamp with time zone","null","YES","CURRENT_TIMESTAMP"
"public","fato_exerciciosessao","updated_at","timestamp with time zone","null","YES","CURRENT_TIMESTAMP"
"public","fato_exerciciossessao","exercicio_sessao_id","uuid","null","NO","null"
"public","fato_exerciciossessao","sessao_id","uuid","null","YES","null"
"public","fato_exerciciossessao","exercicio_id","uuid","null","YES","null"
"public","fato_exerciciossessao","grupo_muscular_id","uuid","null","YES","null"
"public","fato_exerciciossessao","ordem","integer","null","YES","null"
"public","fato_exerciciossessao","nome","text","null","YES","null"
"public","fato_exerciciossessao","series","integer","null","YES","null"
"public","fato_exerciciossessao","repeticoes_min","integer","null","YES","null"
"public","fato_exerciciossessao","repeticoes_max","integer","null","YES","null"
"public","fato_exerciciossessao","peso_sugerido","numeric","null","YES","null"
"public","fato_exerciciossessao","percentual_rm","numeric","null","YES","null"
"public","fato_exerciciossessao","tempo_descanso_segundos","integer","null","YES","null"
"public","fato_exerciciossessao","cadencia","text","null","YES","null"
"public","fato_exerciciossessao","metodo_treinamento_id","uuid","null","YES","null"
"public","fato_exerciciossessao","observacoes","text","null","YES","null"
"public","fato_exerciciossessao","created_at","timestamp with time zone","null","YES","CURRENT_TIMESTAMP"
"public","fato_exerciciossessao","updated_at","timestamp with time zone","null","YES","CURRENT_TIMESTAMP"
"public","fato_metricaprogresso","metrica_id","uuid","null","NO","null"
"public","fato_metricaprogresso","usuario_id","uuid","null","YES","null"
"public","fato_metricaprogresso","treinamento_id","uuid","null","YES","null"
"public","fato_metricaprogresso","tipo","text","null","YES","null"
"public","fato_metricaprogresso","data","date","null","YES","null"
"public","fato_metricaprogresso","peso_corporal","numeric","null","YES","null"
"public","fato_metricaprogresso","percentual_gordura","numeric","null","YES","null"
"public","fato_metricaprogresso","massa_muscular","numeric","null","YES","null"
"public","fato_metricaprogresso","circunferencias","jsonb","null","YES","null"
"public","fato_metricaprogresso","observacoes","text","null","YES","null"
"public","fato_metricaprogresso","created_at","timestamp with time zone","null","YES","CURRENT_TIMESTAMP"
"public","fato_metricaprogresso","updated_at","timestamp with time zone","null","YES","CURRENT_TIMESTAMP"
"public","fato_microciclosemanal","microciclo_id","uuid","null","NO","uuid_generate_v4()"
"public","fato_microciclosemanal","ciclo_id","uuid","null","NO","null"
"public","fato_microciclosemanal","semana","integer","null","NO","null"
"public","fato_microciclosemanal","volume_planejado","numeric","null","YES","null"
"public","fato_microciclosemanal","intensidade_planejada","numeric","null","YES","null"
"public","fato_microciclosemanal","foco","text","null","YES","null"
"public","fato_microciclosemanal","observacoes","text","null","YES","null"
"public","fato_microciclosemanal","created_at","timestamp with time zone","null","YES","CURRENT_TIMESTAMP"
"public","fato_microciclosemanal","updated_at","timestamp with time zone","null","YES","CURRENT_TIMESTAMP"
"public","fato_progressaoexercicio","progressao_id","uuid","null","NO","null"
"public","fato_progressaoexercicio","exercicio_sessao_id","uuid","null","YES","null"
"public","fato_progressaoexercicio","usuario_id","uuid","null","YES","null"
"public","fato_progressaoexercicio","data","date","null","YES","null"
"public","fato_progressaoexercicio","semana","integer","null","YES","null"
"public","fato_progressaoexercicio","ajuste_volume","numeric","null","YES","null"
"public","fato_progressaoexercicio","ajuste_intensidade","numeric","null","YES","null"
"public","fato_progressaoexercicio","metrica_progressao","text","null","YES","null"
"public","fato_progressaoexercicio","valor_progressao","numeric","null","YES","null"
"public","fato_progressaoexercicio","created_at","timestamp with time zone","null","YES","CURRENT_TIMESTAMP"
"public","fato_progressaoexercicio","updated_at","timestamp with time zone","null","YES","CURRENT_TIMESTAMP"
"public","fato_registroexercicio","registro_exercicio_id","uuid","null","NO","null"
"public","fato_registroexercicio","registro_treino_id","uuid","null","YES","null"
"public","fato_registroexercicio","exercicio_id","uuid","null","YES","null"
"public","fato_registroexercicio","series_realizadas","integer","null","YES","null"
"public","fato_registroexercicio","repeticoes_realizadas","text","null","YES","null"
"public","fato_registroexercicio","peso_utilizado","numeric","null","YES","null"
"public","fato_registroexercicio","dificuldade_percebida","integer","null","YES","null"
"public","fato_registroexercicio","status","text","null","YES","null"
"public","fato_registroexercicio","observacoes","text","null","YES","null"
"public","fato_registroexercicio","created_at","timestamp with time zone","null","YES","CURRENT_TIMESTAMP"
"public","fato_registroexercicio","updated_at","timestamp with time zone","null","YES","CURRENT_TIMESTAMP"
"public","fato_registrotreino","registro_id","uuid","null","NO","null"
"public","fato_registrotreino","usuario_id","uuid","null","YES","null"
"public","fato_registrotreino","sessao_id","uuid","null","YES","null"
"public","fato_registrotreino","adaptacao_id","uuid","null","YES","null"
"public","fato_registrotreino","data","date","null","YES","null"
"public","fato_registrotreino","duracao_real_minutos","integer","null","YES","null"
"public","fato_registrotreino","humor_antes","text","null","YES","null"
"public","fato_registrotreino","humor_depois","text","null","YES","null"
"public","fato_registrotreino","nivel_fadiga","integer","null","YES","null"
"public","fato_registrotreino","nivel_satisfacao","integer","null","YES","null"
"public","fato_registrotreino","status","text","null","YES","null"
"public","fato_registrotreino","observacoes","text","null","YES","null"
"public","fato_registrotreino","created_at","timestamp with time zone","null","YES","CURRENT_TIMESTAMP"
"public","fato_registrotreino","updated_at","timestamp with time zone","null","YES","CURRENT_TIMESTAMP"
"public","fato_sessaogrupomusuclar","sessao_grupo_id","uuid","null","NO","null"
"public","fato_sessaogrupomusuclar","sessao_id","uuid","null","YES","null"
"public","fato_sessaogrupomusuclar","grupo_muscular_id","uuid","null","YES","null"
"public","fato_sessaogrupomusuclar","nivel_trabalho","text","null","YES","null"
"public","fato_sessaogrupomusuclar","prioridade","integer","null","YES","null"
"public","fato_sessaogrupomusuclar","volume_especifico","numeric","null","YES","null"
"public","fato_sessaogrupomusuclar","created_at","timestamp with time zone","null","YES","CURRENT_TIMESTAMP"
"public","fato_sessaogrupomusuclar","updated_at","timestamp with time zone","null","YES","CURRENT_TIMESTAMP"
"public","fato_sessaotreinamento","sessao_id","uuid","null","NO","uuid_generate_v4()"
"public","fato_sessaotreinamento","microciclo_id","uuid","null","NO","null"
"public","fato_sessaotreinamento","nome","text","null","NO","null"
"public","fato_sessaotreinamento","descricao","text","null","YES","null"
"public","fato_sessaotreinamento","duracao_minutos","integer","null","YES","null"
"public","fato_sessaotreinamento","nivel_intensidade","numeric","null","YES","null"
"public","fato_sessaotreinamento","dia_semana","integer","null","YES","null"
"public","fato_sessaotreinamento","ordem_dia","integer","null","YES","null"
"public","fato_sessaotreinamento","calorias_estimadas","integer","null","YES","null"
"public","fato_sessaotreinamento","tempo_recuperacao_horas","numeric","null","YES","null"
"public","fato_sessaotreinamento","created_at","timestamp with time zone","null","YES","CURRENT_TIMESTAMP"
"public","fato_sessaotreinamento","updated_at","timestamp with time zone","null","YES","CURRENT_TIMESTAMP"
"public","fato_sessaotreinamento","tipo","text","null","YES","null"
"public","fato_sessaotreinamento","tipo_sessao_id","uuid","null","YES","null"
"public","fato_substituicaoexercicio","substituicao_id","uuid","null","NO","null"
"public","fato_substituicaoexercicio","exercicio_sessao_id","uuid","null","YES","null"
"public","fato_substituicaoexercicio","exercicio_substituto_id","uuid","null","YES","null"
"public","fato_substituicaoexercicio","tipo_substituicao","text","null","YES","null"
"public","fato_substituicaoexercicio","motivo_substituicao","text","null","YES","null"
"public","fato_substituicaoexercicio","prioridade","integer","null","YES","null"
"public","fato_substituicaoexercicio","created_at","timestamp with time zone","null","YES","CURRENT_TIMESTAMP"
"public","fato_substituicaoexercicio","updated_at","timestamp with time zone","null","YES","CURRENT_TIMESTAMP"
"public","fato_usuariorestricao","usuario_restricao_id","uuid","null","NO","null"
"public","fato_usuariorestricao","usuario_id","uuid","null","YES","null"
"public","fato_usuariorestricao","restricao_id","uuid","null","YES","null"
"public","fato_usuariorestricao","nivel","text","null","YES","null"
"public","fato_usuariorestricao","data_inicio","date","null","YES","null"
"public","fato_usuariorestricao","data_fim","date","null","YES","null"
"public","fato_usuariorestricao","observacoes","text","null","YES","null"
"public","fato_usuariorestricao","created_at","timestamp with time zone","null","YES","CURRENT_TIMESTAMP"
"public","fato_usuariorestricao","updated_at","timestamp with time zone","null","YES","CURRENT_TIMESTAMP"
"public","profiles","id","uuid","null","NO","null"
"public","profiles","username","text","null","YES","null"
"public","profiles","full_name","text","null","YES","null"
"public","profiles","avatar_url","text","null","YES","null"
"public","profiles","updated_at","timestamp with time zone","null","YES","null"
"public","profiles","created_at","timestamp with time zone","null","NO","now()"
"public","profiles","email","text","null","NO","null"
"public","profiles","onboarding_completed","boolean","null","NO","false"
"realtime","messages","topic","text","null","NO","null"
"realtime","messages","extension","text","null","NO","null"
"realtime","messages","payload","jsonb","null","YES","null"
"realtime","messages","event","text","null","YES","null"
"realtime","messages","private","boolean","null","YES","false"
"realtime","messages","updated_at","timestamp without time zone","null","NO","now()"
"realtime","messages","inserted_at","timestamp without time zone","null","NO","now()"
"realtime","messages","id","uuid","null","NO","gen_random_uuid()"
"realtime","schema_migrations","version","bigint","null","NO","null"
"realtime","schema_migrations","inserted_at","timestamp without time zone","null","YES","null"
"realtime","subscription","id","bigint","null","NO","null"
"realtime","subscription","subscription_id","uuid","null","NO","null"
"realtime","subscription","entity","regclass","null","NO","null"
"realtime","subscription","filters","ARRAY","null","NO","'{}'::realtime.user_defined_filter[]"
"realtime","subscription","claims","jsonb","null","NO","null"
"realtime","subscription","claims_role","regrole","null","NO","null"
"realtime","subscription","created_at","timestamp without time zone","null","NO","timezone('utc'::text, now())"
"storage","buckets","id","text","null","NO","null"
"storage","buckets","name","text","null","NO","null"
"storage","buckets","owner","uuid","null","YES","null"
"storage","buckets","created_at","timestamp with time zone","null","YES","now()"
"storage","buckets","updated_at","timestamp with time zone","null","YES","now()"
"storage","buckets","public","boolean","null","YES","false"
"storage","buckets","avif_autodetection","boolean","null","YES","false"
"storage","buckets","file_size_limit","bigint","null","YES","null"
"storage","buckets","allowed_mime_types","ARRAY","null","YES","null"
"storage","buckets","owner_id","text","null","YES","null"
"storage","migrations","id","integer","null","NO","null"
"storage","migrations","name","character varying","100","NO","null"
"storage","migrations","hash","character varying","40","NO","null"
"storage","migrations","executed_at","timestamp without time zone","null","YES","CURRENT_TIMESTAMP"
"storage","objects","id","uuid","null","NO","gen_random_uuid()"
"storage","objects","bucket_id","text","null","YES","null"
"storage","objects","name","text","null","YES","null"
"storage","objects","owner","uuid","null","YES","null"
"storage","objects","created_at","timestamp with time zone","null","YES","now()"
"storage","objects","updated_at","timestamp with time zone","null","YES","now()"
"storage","objects","last_accessed_at","timestamp with time zone","null","YES","now()"
"storage","objects","metadata","jsonb","null","YES","null"
"storage","objects","path_tokens","ARRAY","null","YES","null"
"storage","objects","version","text","null","YES","null"
"storage","objects","owner_id","text","null","YES","null"
"storage","objects","user_metadata","jsonb","null","YES","null"
"storage","s3_multipart_uploads","id","text","null","NO","null"
"storage","s3_multipart_uploads","in_progress_size","bigint","null","NO","0"
"storage","s3_multipart_uploads","upload_signature","text","null","NO","null"
"storage","s3_multipart_uploads","bucket_id","text","null","NO","null"
"storage","s3_multipart_uploads","key","text","null","NO","null"
"storage","s3_multipart_uploads","version","text","null","NO","null"
"storage","s3_multipart_uploads","owner_id","text","null","YES","null"
"storage","s3_multipart_uploads","created_at","timestamp with time zone","null","NO","now()"
"storage","s3_multipart_uploads","user_metadata","jsonb","null","YES","null"
"storage","s3_multipart_uploads_parts","id","uuid","null","NO","gen_random_uuid()"
"storage","s3_multipart_uploads_parts","upload_id","text","null","NO","null"
"storage","s3_multipart_uploads_parts","size","bigint","null","NO","0"
"storage","s3_multipart_uploads_parts","part_number","integer","null","NO","null"
"storage","s3_multipart_uploads_parts","bucket_id","text","null","NO","null"
"storage","s3_multipart_uploads_parts","key","text","null","NO","null"
"storage","s3_multipart_uploads_parts","etag","text","null","NO","null"
"storage","s3_multipart_uploads_parts","owner_id","text","null","YES","null"
"storage","s3_multipart_uploads_parts","version","text","null","NO","null"
"storage","s3_multipart_uploads_parts","created_at","timestamp with time zone","null","NO","now()"
"vault","secrets","id","uuid","null","NO","gen_random_uuid()"
"vault","secrets","name","text","null","YES","null"
"vault","secrets","description","text","null","NO","''::text"
"vault","secrets","secret","text","null","NO","null"
"vault","secrets","key_id","uuid","null","YES","(pgsodium.create_key()).id"
"vault","secrets","nonce","bytea","null","YES","pgsodium.crypto_aead_det_noncegen()"
"vault","secrets","created_at","timestamp with time zone","null","NO","CURRENT_TIMESTAMP"
"vault","secrets","updated_at","timestamp with time zone","null","NO","CURRENT_TIMESTAMP"